{
  "project_info": {
    "project_number": "590634754574",
    "project_id": "em-app-37a05",
    "storage_bucket": "em-app-37a05.appspot.com"
  },
  "client": [
    {
      "client_info": {
        "mobilesdk_app_id": "1:590634754574:android:e00561512ee07f8ce7125f",
        "android_client_info": {
          "package_name": "com.example.emapp"
        }
      },
      "oauth_client": [
        {
          "client_id": "590634754574-pneja32sqircpc13hmpad0lkrl541lkk.apps.googleusercontent.com",
          "client_type": 3
        }
      ],
      "api_key": [
        {
          "current_key": "AIzaSyCTlfQ8W68LEdGBieSr4XLNpIaljF9vu9A"
        }
      ],
      "services": {
        "appinvite_service": {
          "other_platform_oauth_client": [
            {
              "client_id": "590634754574-pneja32sqircpc13hmpad0lkrl541lkk.apps.googleusercontent.com",
              "client_type": 3
            }
          ]
        }
      }
    }
  ],
  "configuration_version": "1"
}