{
  "project_info": {
    "project_number": "125343268830",
    "project_id": "cgapp-2d372",
    "storage_bucket": "cgapp-2d372.appspot.com"
  },
  "client": [
    {
      "client_info": {
        "mobilesdk_app_id": "1:125343268830:android:2acc8a5bcd806f6af0a74f",
        "android_client_info": {
          "package_name": "com.example.cgapp"
        }
      },
      "oauth_client": [
        {
          "client_id": "125343268830-mtmqg4l79fdhq0r2ltcodld9ema8knnj.apps.googleusercontent.com",
          "client_type": 3
        }
      ],
      "api_key": [
        {
          "current_key": "AIzaSyC_PrQ5Zk7sVyjo-pK07RNlqmtueez57hM"
        }
      ],
      "services": {
        "appinvite_service": {
          "other_platform_oauth_client": [
            {
              "client_id": "125343268830-mtmqg4l79fdhq0r2ltcodld9ema8knnj.apps.googleusercontent.com",
              "client_type": 3
            }
          ]
        }
      }
    }
  ],
  "configuration_version": "1"
}